{
	"credit": "Made with Blockbench",
	"ambientocclusion": false,
	"texture_size": [64, 64],
	"textures": {
		"4": "blocks/bed_head_side",
		"5": "blocks/planks_oak",
		"7": "blocks/bed_head_top",
		"8": "blocks/bed_head_end",
		"particle": "blocks/bed_head_top"
	},
	"elements": [
		{
			"name": "bed head sides",
			"from": [0, 3, 0],
			"to": [16, 9, 16],
			"faces": {
				"east": {"uv": [16, 7, 0, 13], "texture": "#4"},
				"south": {"uv": [0, 0, 0, 0], "texture": "#4"},
				"west": {"uv": [0, 7, 16, 13], "texture": "#4"},
				"up": {"uv": [12, 2, 8, 6], "rotation": 180, "texture": "#4"}
			}
		},
		{
			"name": "left leg",
			"from": [0, 0, 13],
			"to": [3, 3, 16],
			"faces": {
				"north": {"uv": [0, 13, 3, 16], "texture": "#8"},
				"east": {"uv": [13, 13, 16, 16], "texture": "#8"},
				"south": {"uv": [0, 13, 3, 16], "texture": "#8"},
				"west": {"uv": [13, 13, 16, 16], "texture": "#8"},
				"down": {"uv": [0, 13, 3, 16], "texture": "#8"}
			}
		},
		{
			"name": "right leg",
			"from": [13, 0, 13],
			"to": [16, 3, 16],
			"faces": {
				"north": {"uv": [13, 13, 16, 16], "texture": "#8"},
				"east": {"uv": [13, 16, 16, 13], "rotation": 180, "texture": "#8"},
				"south": {"uv": [13, 13, 16, 16], "texture": "#8"},
				"west": {"uv": [0, 13, 3, 16], "texture": "#8"},
				"down": {"uv": [0, 13, 3, 16], "texture": "#8"}
			}
		},
		{
			"name": "bed head top",
			"from": [0, 9, 0],
			"to": [16, 9, 16],
			"faces": {
				"north": {"uv": [0, 0, 4, 0], "texture": "#7"},
				"east": {"uv": [0, 0, 4, 0], "texture": "#7"},
				"south": {"uv": [0, 0, 4, 0], "texture": "#7"},
				"west": {"uv": [0, 0, 4, 0], "texture": "#7"},
				"up": {"uv": [0, 0, 16, 16], "rotation": 90, "texture": "#7"}
			}
		},
		{
			"name": "bed head end",
			"from": [0, 3, 16],
			"to": [16, 9, 16],
			"faces": {
				"east": {"uv": [15, 4, 16, 16], "texture": "#8"},
				"south": {"uv": [0, 7, 16, 13], "texture": "#8"},
				"west": {"uv": [0, 4, 1, 16], "texture": "#8"},
				"up": {"uv": [0, 0, 16, 1], "texture": "#8"},
				"down": {"uv": [0, 15, 16, 16], "texture": "#8"}
			}
		},
		{
			"name": "bed bottom",
			"from": [0, 3, 0],
			"to": [16, 3, 16],
			"faces": {
				"north": {"uv": [0, 0, 16, 16], "texture": "#5"},
				"east": {"uv": [0, 0, 3.25, 0], "texture": "#5"},
				"south": {"uv": [0, 0, 4, 0], "texture": "#5"},
				"west": {"uv": [0, 0, 3.25, 0], "texture": "#5"},
				"down": {"uv": [0, 0, 16, 16], "texture": "#5"}
			}
		},
		{
			"from": [13, 9, 13],
			"to": [16, 11, 16],
			"rotation": {"angle": 0, "axis": "y", "origin": [16, 0, 0]},
			"faces": {
				"north": {"uv": [16, 7, 13, 9], "texture": "#8"},
				"east": {"uv": [16, 7, 13, 9], "texture": "#8"},
				"south": {"uv": [16, 7, 13, 9], "texture": "#8"},
				"west": {"uv": [16, 8, 13, 10], "texture": "#8"},
				"up": {"uv": [13, 16, 16, 13], "rotation": 90, "texture": "#7"},
				"down": {"uv": [16, 7, 13, 9], "texture": "#8"}
			}
		},
		{
			"from": [0, 9, 13],
			"to": [3, 11, 16],
			"faces": {
				"north": {"uv": [13, 7, 16, 9], "texture": "#8"},
				"east": {"uv": [13, 8, 16, 10], "texture": "#8"},
				"south": {"uv": [13, 7, 16, 9], "texture": "#8"},
				"west": {"uv": [13, 7, 16, 9], "texture": "#8"},
				"up": {"uv": [13, 13, 16, 16], "rotation": 90, "texture": "#7"},
				"down": {"uv": [13, 7, 16, 9], "texture": "#8"}
			}
		}
	],
	"groups": [
		{
			"name": "bed_head",
			"origin": [8, 8, 8],
			"color": 0,
			"children": [
				{
					"name": "head",
					"origin": [0, 0, 0],
					"color": 0,
					"children": []
				}
			]
		},
		0,
		1,
		2,
		3,
		4,
		5,
		6,
		7
	]
}